<?xml version="1.0" encoding="utf-8"?>
<cwbopendata xmlns="urn:cwb:gov:tw:cwbcommon:0.1">
  <identifier>aa392ed3-625c-4669-bac0-5388d9f6da0e</identifier>
  <sender>weather@cwb.gov.tw</sender>
  <sent>2020-04-18T12:20:42+08:00</sent>
  <status>Actual</status>
  <scope>Public</scope>
  <msgType>Issue</msgType>
  <dataid>null</dataid>
  <source>MFC</source>
  <dataset>
    <datasetInfo>
      <datasetDescription>臺灣各縣市鄉鎮未來1週逐24小時天氣預報</datasetDescription>
      <datasetLanguage>zh-TW</datasetLanguage>
      <issueTime>2020-04-18T11:00:00+08:00</issueTime>
      <validTime>
        <startTime>2020-04-18T12:00:00+08:00</startTime>
        <endTime>2020-04-26T11:00:00+08:00</endTime>
      </validTime>
      <update>2020-04-18T12:20:42+08:00</update>
    </datasetInfo>
    <locations>
      <locationsName>嘉義市</locationsName>
      <location>
        <locationName>東區</locationName>
        <geocode>1002001</geocode>
        <lat>23.480384</lat>
        <lon>120.445361</lon>
        <weatherElement>
          <elementName>T</elementName>
          <description>平均溫度</description>
          <time>
            <startTime>2020-04-18T12:00:00+08:00</startTime>
            <endTime>2020-04-19T00:00:00+08:00</endTime>
            <elementValue>
              <value>28</value>
              <measures>攝氏度</measures>
            </elementValue>
          </time>
          <time>
            <startTime>2020-04-19T00:00:00+08:00</startTime>
            <endTime>2020-04-20T00:00:00+08:00</endTime>
            <elementValue>
              <value>25</value>
              <measures>攝氏度</measures>
            </elementValue>
          </time>
          <time>
            <startTime>2020-04-20T00:00:00+08:00</startTime>
            <endTime>2020-04-21T00:00:00+08:00</endTime>
            <elementValue>
              <value>25</value>
              <measures>攝氏度</measures>
            </elementValue>
          </time>
          <time>
            <startTime>2020-04-21T00:00:00+08:00</startTime>
            <endTime>2020-04-22T00:00:00+08:00</endTime>
            <elementValue>
              <value>24</value>
              <measures>攝氏度</measures>
            </elementValue>
          </time>
          <time>
            <startTime>2020-04-22T00:00:00+08:00</startTime>
            <endTime>2020-04-23T00:00:00+08:00</endTime>
            <elementValue>
              <value>22</value>
              <measures>攝氏度</measures>
            </elementValue>
          </time>
          <time>
            <startTime>2020-04-23T00:00:00+08:00</startTime>
            <endTime>2020-04-24T00:00:00+08:00</endTime>
            <elementValue>
              <value>21</value>
              <measures>攝氏度</measures>
            </elementValue>
          </time>
          <time>
            <startTime>2020-04-24T00:00:00+08:00</startTime>
            <endTime>2020-04-25T00:00:00+08:00</endTime>
            <elementValue>
              <value>21</value>
              <measures>攝氏度</measures>
            </elementValue>
          </time>
        </weatherElement>
        <weatherElement>
          <elementName>Td</elementName>
          <description>平均露點溫度</description>
          <time>
            <startTime>2020-04-18T12:00:00+08:00</startTime>
            <endTime>2020-04-19T00:00:00+08:00</endTime>
            <elementValue>
              <value>17</value>
              <measures>攝氏度</measures>
            </elementValue>
          </time>
          <time>
            <startTime>2020-04-19T00:00:00+08:00</startTime>
            <endTime>2020-04-20T00:00:00+08:00</endTime>
            <elementValue>
              <value>18</value>
              <measures>攝氏度</measures>
            </elementValue>
          </time>
          <time>
            <startTime>2020-04-20T00:00:00+08:00</startTime>
            <endTime>2020-04-21T00:00:00+08:00</endTime>
            <elementValue>
              <value>17</value>
              <measures>攝氏度</measures>
            </elementValue>
          </time>
          <time>
            <startTime>2020-04-21T00:00:00+08:00</startTime>
            <endTime>2020-04-22T00:00:00+08:00</endTime>
            <elementValue>
              <value>17</value>
              <measures>攝氏度</measures>
            </elementValue>
          </time>
          <time>
            <startTime>2020-04-22T00:00:00+08:00</startTime>
            <endTime>2020-04-23T00:00:00+08:00</endTime>
            <elementValue>
              <value>14</value>
              <measures>攝氏度</measures>
            </elementValue>
          </time>
          <time>
            <startTime>2020-04-23T00:00:00+08:00</startTime>
            <endTime>2020-04-24T00:00:00+08:00</endTime>
            <elementValue>
              <value>15</value>
              <measures>攝氏度</measures>
            </elementValue>
          </time>
          <time>
            <startTime>2020-04-24T00:00:00+08:00</startTime>
            <endTime>2020-04-25T00:00:00+08:00</endTime>
            <elementValue>
              <value>16</value>
              <measures>攝氏度</measures>
            </elementValue>
          </time>
        </weatherElement>
        <weatherElement>
          <elementName>RH</elementName>
          <description>平均相對濕度</description>
          <time>
            <startTime>2020-04-18T12:00:00+08:00</startTime>
            <endTime>2020-04-19T00:00:00+08:00</endTime>
            <elementValue>
              <value>54</value>
              <measures>百分比</measures>
            </elementValue>
          </time>
          <time>
            <startTime>2020-04-19T00:00:00+08:00</startTime>
            <endTime>2020-04-20T00:00:00+08:00</endTime>
            <elementValue>
              <value>64</value>
              <measures>百分比</measures>
            </elementValue>
          </time>
          <time>
            <startTime>2020-04-20T00:00:00+08:00</startTime>
            <endTime>2020-04-21T00:00:00+08:00</endTime>
            <elementValue>
              <value>61</value>
              <measures>百分比</measures>
            </elementValue>
          </time>
          <time>
            <startTime>2020-04-21T00:00:00+08:00</startTime>
            <endTime>2020-04-22T00:00:00+08:00</endTime>
            <elementValue>
              <value>64</value>
              <measures>百分比</measures>
            </elementValue>
          </time>
          <time>
            <startTime>2020-04-22T00:00:00+08:00</startTime>
            <endTime>2020-04-23T00:00:00+08:00</endTime>
            <elementValue>
              <value>61</value>
              <measures>百分比</measures>
            </elementValue>
          </time>
          <time>
            <startTime>2020-04-23T00:00:00+08:00</startTime>
            <endTime>2020-04-24T00:00:00+08:00</endTime>
            <elementValue>
              <value>67</value>
              <measures>百分比</measures>
            </elementValue>
          </time>
          <time>
            <startTime>2020-04-24T00:00:00+08:00</startTime>
            <endTime>2020-04-25T00:00:00+08:00</endTime>
            <elementValue>
              <value>71</value>
              <measures>百分比</measures>
            </elementValue>
          </time>
        </weatherElement>
        <weatherElement>
          <elementName>MaxT</elementName>
          <description>最高溫度</description>
          <time>
            <startTime>2020-04-18T12:00:00+08:00</startTime>
            <endTime>2020-04-19T00:00:00+08:00</endTime>
            <elementValue>
              <value>32</value>
              <measures>攝氏度</measures>
            </elementValue>
          </time>
          <time>
            <startTime>2020-04-19T00:00:00+08:00</startTime>
            <endTime>2020-04-20T00:00:00+08:00</endTime>
            <elementValue>
              <value>32</value>
              <measures>攝氏度</measures>
            </elementValue>
          </time>
          <time>
            <startTime>2020-04-20T00:00:00+08:00</startTime>
            <endTime>2020-04-21T00:00:00+08:00</endTime>
            <elementValue>
              <value>31</value>
              <measures>攝氏度</measures>
            </elementValue>
          </time>
          <time>
            <startTime>2020-04-21T00:00:00+08:00</startTime>
            <endTime>2020-04-22T00:00:00+08:00</endTime>
            <elementValue>
              <value>31</value>
              <measures>攝氏度</measures>
            </elementValue>
          </time>
          <time>
            <startTime>2020-04-22T00:00:00+08:00</startTime>
            <endTime>2020-04-23T00:00:00+08:00</endTime>
            <elementValue>
              <value>27</value>
              <measures>攝氏度</measures>
            </elementValue>
          </time>
          <time>
            <startTime>2020-04-23T00:00:00+08:00</startTime>
            <endTime>2020-04-24T00:00:00+08:00</endTime>
            <elementValue>
              <value>26</value>
              <measures>攝氏度</measures>
            </elementValue>
          </time>
          <time>
            <startTime>2020-04-24T00:00:00+08:00</startTime>
            <endTime>2020-04-25T00:00:00+08:00</endTime>
            <elementValue>
              <value>25</value>
              <measures>攝氏度</measures>
            </elementValue>
          </time>
        </weatherElement>
        <weatherElement>
          <elementName>MinT</elementName>
          <description>最低溫度</description>
          <time>
            <startTime>2020-04-18T12:00:00+08:00</startTime>
            <endTime>2020-04-19T00:00:00+08:00</endTime>
            <elementValue>
              <value>23</value>
              <measures>攝氏度</measures>
            </elementValue>
          </time>
          <time>
            <startTime>2020-04-19T00:00:00+08:00</startTime>
            <endTime>2020-04-20T00:00:00+08:00</endTime>
            <elementValue>
              <value>20</value>
              <measures>攝氏度</measures>
            </elementValue>
          </time>
          <time>
            <startTime>2020-04-20T00:00:00+08:00</startTime>
            <endTime>2020-04-21T00:00:00+08:00</endTime>
            <elementValue>
              <value>20</value>
              <measures>攝氏度</measures>
            </elementValue>
          </time>
          <time>
            <startTime>2020-04-21T00:00:00+08:00</startTime>
            <endTime>2020-04-22T00:00:00+08:00</endTime>
            <elementValue>
              <value>19</value>
              <measures>攝氏度</measures>
            </elementValue>
          </time>
          <time>
            <startTime>2020-04-22T00:00:00+08:00</startTime>
            <endTime>2020-04-23T00:00:00+08:00</endTime>
            <elementValue>
              <value>18</value>
              <measures>攝氏度</measures>
            </elementValue>
          </time>
          <time>
            <startTime>2020-04-23T00:00:00+08:00</startTime>
            <endTime>2020-04-24T00:00:00+08:00</endTime>
            <elementValue>
              <value>18</value>
              <measures>攝氏度</measures>
            </elementValue>
          </time>
          <time>
            <startTime>2020-04-24T00:00:00+08:00</startTime>
            <endTime>2020-04-25T00:00:00+08:00</endTime>
            <elementValue>
              <value>17</value>
              <measures>攝氏度</measures>
            </elementValue>
          </time>
        </weatherElement>
        <weatherElement>
          <elementName>MaxAT</elementName>
          <description>最高體感溫度</description>
          <time>
            <startTime>2020-04-18T12:00:00+08:00</startTime>
            <endTime>2020-04-19T00:00:00+08:00</endTime>
            <elementValue>
              <value>32</value>
              <measures>攝氏度</measures>
            </elementValue>
          </time>
          <time>
            <startTime>2020-04-19T00:00:00+08:00</startTime>
            <endTime>2020-04-20T00:00:00+08:00</endTime>
            <elementValue>
              <value>32</value>
              <measures>攝氏度</measures>
            </elementValue>
          </time>
          <time>
            <startTime>2020-04-20T00:00:00+08:00</startTime>
            <endTime>2020-04-21T00:00:00+08:00</endTime>
            <elementValue>
              <value>32</value>
              <measures>攝氏度</measures>
            </elementValue>
          </time>
          <time>
            <startTime>2020-04-21T00:00:00+08:00</startTime>
            <endTime>2020-04-22T00:00:00+08:00</endTime>
            <elementValue>
              <value>31</value>
              <measures>攝氏度</measures>
            </elementValue>
          </time>
          <time>
            <startTime>2020-04-22T00:00:00+08:00</startTime>
            <endTime>2020-04-23T00:00:00+08:00</endTime>
            <elementValue>
              <value>26</value>
              <measures>攝氏度</measures>
            </elementValue>
          </time>
          <time>
            <startTime>2020-04-23T00:00:00+08:00</startTime>
            <endTime>2020-04-24T00:00:00+08:00</endTime>
            <elementValue>
              <value>26</value>
              <measures>攝氏度</measures>
            </elementValue>
          </time>
          <time>
            <startTime>2020-04-24T00:00:00+08:00</startTime>
            <endTime>2020-04-25T00:00:00+08:00</endTime>
            <elementValue>
              <value>26</value>
              <measures>攝氏度</measures>
            </elementValue>
          </time>
        </weatherElement>
        <weatherElement>
          <elementName>MinAT</elementName>
          <description>最低體感溫度</description>
          <time>
            <startTime>2020-04-18T12:00:00+08:00</startTime>
            <endTime>2020-04-19T00:00:00+08:00</endTime>
            <elementValue>
              <value>24</value>
              <measures>攝氏度</measures>
            </elementValue>
          </time>
          <time>
            <startTime>2020-04-19T00:00:00+08:00</startTime>
            <endTime>2020-04-20T00:00:00+08:00</endTime>
            <elementValue>
              <value>21</value>
              <measures>攝氏度</measures>
            </elementValue>
          </time>
          <time>
            <startTime>2020-04-20T00:00:00+08:00</startTime>
            <endTime>2020-04-21T00:00:00+08:00</endTime>
            <elementValue>
              <value>20</value>
              <measures>攝氏度</measures>
            </elementValue>
          </time>
          <time>
            <startTime>2020-04-21T00:00:00+08:00</startTime>
            <endTime>2020-04-22T00:00:00+08:00</endTime>
            <elementValue>
              <value>20</value>
              <measures>攝氏度</measures>
            </elementValue>
          </time>
          <time>
            <startTime>2020-04-22T00:00:00+08:00</startTime>
            <endTime>2020-04-23T00:00:00+08:00</endTime>
            <elementValue>
              <value>17</value>
              <measures>攝氏度</measures>
            </elementValue>
          </time>
          <time>
            <startTime>2020-04-23T00:00:00+08:00</startTime>
            <endTime>2020-04-24T00:00:00+08:00</endTime>
            <elementValue>
              <value>16</value>
              <measures>攝氏度</measures>
            </elementValue>
          </time>
          <time>
            <startTime>2020-04-24T00:00:00+08:00</startTime>
            <endTime>2020-04-25T00:00:00+08:00</endTime>
            <elementValue>
              <value>16</value>
              <measures>攝氏度</measures>
            </elementValue>
          </time>
        </weatherElement>
        <weatherElement>
          <elementName>MaxCI</elementName>
          <description>最大舒適度指數</description>
          <time>
            <startTime>2020-04-18T12:00:00+08:00</startTime>
            <endTime>2020-04-19T00:00:00+08:00</endTime>
            <elementValue>
              <value>26</value>
              <measures>NA</measures>
            </elementValue>
          </time>
          <time>
            <startTime>2020-04-19T00:00:00+08:00</startTime>
            <endTime>2020-04-20T00:00:00+08:00</endTime>
            <elementValue>
              <value>27</value>
              <measures>NA</measures>
            </elementValue>
          </time>
          <time>
            <startTime>2020-04-20T00:00:00+08:00</startTime>
            <endTime>2020-04-21T00:00:00+08:00</endTime>
            <elementValue>
              <value>26</value>
              <measures>NA</measures>
            </elementValue>
          </time>
          <time>
            <startTime>2020-04-21T00:00:00+08:00</startTime>
            <endTime>2020-04-22T00:00:00+08:00</endTime>
            <elementValue>
              <value>26</value>
              <measures>NA</measures>
            </elementValue>
          </time>
          <time>
            <startTime>2020-04-22T00:00:00+08:00</startTime>
            <endTime>2020-04-23T00:00:00+08:00</endTime>
            <elementValue>
              <value>23</value>
              <measures>NA</measures>
            </elementValue>
          </time>
          <time>
            <startTime>2020-04-23T00:00:00+08:00</startTime>
            <endTime>2020-04-24T00:00:00+08:00</endTime>
            <elementValue>
              <value>23</value>
              <measures>NA</measures>
            </elementValue>
          </time>
          <time>
            <startTime>2020-04-24T00:00:00+08:00</startTime>
            <endTime>2020-04-25T00:00:00+08:00</endTime>
            <elementValue>
              <value>23</value>
              <measures>NA</measures>
            </elementValue>
          </time>
        </weatherElement>
        <weatherElement>
          <elementName>MinCI</elementName>
          <description>最小舒適度指數</description>
          <time>
            <startTime>2020-04-18T12:00:00+08:00</startTime>
            <endTime>2020-04-19T00:00:00+08:00</endTime>
            <elementValue>
              <value>22</value>
              <measures>NA</measures>
            </elementValue>
          </time>
          <time>
            <startTime>2020-04-19T00:00:00+08:00</startTime>
            <endTime>2020-04-20T00:00:00+08:00</endTime>
            <elementValue>
              <value>19</value>
              <measures>NA</measures>
            </elementValue>
          </time>
          <time>
            <startTime>2020-04-20T00:00:00+08:00</startTime>
            <endTime>2020-04-21T00:00:00+08:00</endTime>
            <elementValue>
              <value>19</value>
              <measures>NA</measures>
            </elementValue>
          </time>
          <time>
            <startTime>2020-04-21T00:00:00+08:00</startTime>
            <endTime>2020-04-22T00:00:00+08:00</endTime>
            <elementValue>
              <value>19</value>
              <measures>NA</measures>
            </elementValue>
          </time>
          <time>
            <startTime>2020-04-22T00:00:00+08:00</startTime>
            <endTime>2020-04-23T00:00:00+08:00</endTime>
            <elementValue>
              <value>18</value>
              <measures>NA</measures>
            </elementValue>
          </time>
          <time>
            <startTime>2020-04-23T00:00:00+08:00</startTime>
            <endTime>2020-04-24T00:00:00+08:00</endTime>
            <elementValue>
              <value>17</value>
              <measures>NA</measures>
            </elementValue>
          </time>
          <time>
            <startTime>2020-04-24T00:00:00+08:00</startTime>
            <endTime>2020-04-25T00:00:00+08:00</endTime>
            <elementValue>
              <value>17</value>
              <measures>NA</measures>
            </elementValue>
          </time>
        </weatherElement>
        <weatherElement>
          <elementName>PoP24h</elementName>
          <description>24小時降雨機率</description>
          <time>
            <startTime>2020-04-18T12:00:00+08:00</startTime>
            <endTime>2020-04-19T00:00:00+08:00</endTime>
            <elementValue>
              <value>20</value>
              <measures>百分比</measures>
            </elementValue>
          </time>
          <time>
            <startTime>2020-04-19T00:00:00+08:00</startTime>
            <endTime>2020-04-20T00:00:00+08:00</endTime>
            <elementValue>
              <value>10</value>
              <measures>百分比</measures>
            </elementValue>
          </time>
          <time>
            <startTime>2020-04-20T00:00:00+08:00</startTime>
            <endTime>2020-04-21T00:00:00+08:00</endTime>
            <elementValue>
              <value>0</value>
              <measures>百分比</measures>
            </elementValue>
          </time>
          <time>
            <startTime>2020-04-21T00:00:00+08:00</startTime>
            <endTime>2020-04-22T00:00:00+08:00</endTime>
            <elementValue>
              <value> </value>
              <measures>百分比</measures>
            </elementValue>
          </time>
          <time>
            <startTime>2020-04-22T00:00:00+08:00</startTime>
            <endTime>2020-04-23T00:00:00+08:00</endTime>
            <elementValue>
              <value> </value>
              <measures>百分比</measures>
            </elementValue>
          </time>
          <time>
            <startTime>2020-04-23T00:00:00+08:00</startTime>
            <endTime>2020-04-24T00:00:00+08:00</endTime>
            <elementValue>
              <value> </value>
              <measures>百分比</measures>
            </elementValue>
          </time>
          <time>
            <startTime>2020-04-24T00:00:00+08:00</startTime>
            <endTime>2020-04-25T00:00:00+08:00</endTime>
            <elementValue>
              <value> </value>
              <measures>百分比</measures>
            </elementValue>
          </time>
        </weatherElement>
        <weatherElement>
          <elementName>WD</elementName>
          <description>風向</description>
          <time>
            <startTime>2020-04-18T12:00:00+08:00</startTime>
            <endTime>2020-04-19T00:00:00+08:00</endTime>
            <elementValue>
              <value>偏西風</value>
              <measures>16方位</measures>
            </elementValue>
          </time>
          <time>
            <startTime>2020-04-19T00:00:00+08:00</startTime>
            <endTime>2020-04-20T00:00:00+08:00</endTime>
            <elementValue>
              <value>偏南風</value>
              <measures>16方位</measures>
            </elementValue>
          </time>
          <time>
            <startTime>2020-04-20T00:00:00+08:00</startTime>
            <endTime>2020-04-21T00:00:00+08:00</endTime>
            <elementValue>
              <value>西南風</value>
              <measures>16方位</measures>
            </elementValue>
          </time>
          <time>
            <startTime>2020-04-21T00:00:00+08:00</startTime>
            <endTime>2020-04-22T00:00:00+08:00</endTime>
            <elementValue>
              <value>偏南風</value>
              <measures>16方位</measures>
            </elementValue>
          </time>
          <time>
            <startTime>2020-04-22T00:00:00+08:00</startTime>
            <endTime>2020-04-23T00:00:00+08:00</endTime>
            <elementValue>
              <value>西北風</value>
              <measures>16方位</measures>
            </elementValue>
          </time>
          <time>
            <startTime>2020-04-23T00:00:00+08:00</startTime>
            <endTime>2020-04-24T00:00:00+08:00</endTime>
            <elementValue>
              <value>西北風</value>
              <measures>16方位</measures>
            </elementValue>
          </time>
          <time>
            <startTime>2020-04-24T00:00:00+08:00</startTime>
            <endTime>2020-04-25T00:00:00+08:00</endTime>
            <elementValue>
              <value>西南風</value>
              <measures>16方位</measures>
            </elementValue>
          </time>
        </weatherElement>
        <weatherElement>
          <elementName>WS</elementName>
          <description>最大風速</description>
          <time>
            <startTime>2020-04-18T12:00:00+08:00</startTime>
            <endTime>2020-04-19T00:00:00+08:00</endTime>
            <elementValue>
              <value>3</value>
              <measures>公尺/秒</measures>
            </elementValue>
            <elementValue>
              <value>2</value>
              <measures>蒲福風級</measures>
            </elementValue>
          </time>
          <time>
            <startTime>2020-04-19T00:00:00+08:00</startTime>
            <endTime>2020-04-20T00:00:00+08:00</endTime>
            <elementValue>
              <value>7</value>
              <measures>公尺/秒</measures>
            </elementValue>
            <elementValue>
              <value>4</value>
              <measures>蒲福風級</measures>
            </elementValue>
          </time>
          <time>
            <startTime>2020-04-20T00:00:00+08:00</startTime>
            <endTime>2020-04-21T00:00:00+08:00</endTime>
            <elementValue>
              <value>5</value>
              <measures>公尺/秒</measures>
            </elementValue>
            <elementValue>
              <value>3</value>
              <measures>蒲福風級</measures>
            </elementValue>
          </time>
          <time>
            <startTime>2020-04-21T00:00:00+08:00</startTime>
            <endTime>2020-04-22T00:00:00+08:00</endTime>
            <elementValue>
              <value>4</value>
              <measures>公尺/秒</measures>
            </elementValue>
            <elementValue>
              <value>3</value>
              <measures>蒲福風級</measures>
            </elementValue>
          </time>
          <time>
            <startTime>2020-04-22T00:00:00+08:00</startTime>
            <endTime>2020-04-23T00:00:00+08:00</endTime>
            <elementValue>
              <value>4</value>
              <measures>公尺/秒</measures>
            </elementValue>
            <elementValue>
              <value>3</value>
              <measures>蒲福風級</measures>
            </elementValue>
          </time>
          <time>
            <startTime>2020-04-23T00:00:00+08:00</startTime>
            <endTime>2020-04-24T00:00:00+08:00</endTime>
            <elementValue>
              <value>4</value>
              <measures>公尺/秒</measures>
            </elementValue>
            <elementValue>
              <value>3</value>
              <measures>蒲福風級</measures>
            </elementValue>
          </time>
          <time>
            <startTime>2020-04-24T00:00:00+08:00</startTime>
            <endTime>2020-04-25T00:00:00+08:00</endTime>
            <elementValue>
              <value>4</value>
              <measures>公尺/秒</measures>
            </elementValue>
            <elementValue>
              <value>3</value>
              <measures>蒲福風級</measures>
            </elementValue>
          </time>
        </weatherElement>
        <weatherElement>
          <elementName>Wx</elementName>
          <description>天氣現象</description>
          <time>
            <startTime>2020-04-18T12:00:00+08:00</startTime>
            <endTime>2020-04-19T00:00:00+08:00</endTime>
            <elementValue>
              <value>多雲</value>
              <measures>自定義 Wx 文字</measures>
            </elementValue>
            <elementValue>
              <value>04</value>
              <measures>自定義 Wx 單位</measures>
            </elementValue>
          </time>
          <time>
            <startTime>2020-04-19T00:00:00+08:00</startTime>
            <endTime>2020-04-20T00:00:00+08:00</endTime>
            <elementValue>
              <value>晴時多雲</value>
              <measures>自定義 Wx 文字</measures>
            </elementValue>
            <elementValue>
              <value>02</value>
              <measures>自定義 Wx 單位</measures>
            </elementValue>
          </time>
          <time>
            <startTime>2020-04-20T00:00:00+08:00</startTime>
            <endTime>2020-04-21T00:00:00+08:00</endTime>
            <elementValue>
              <value>晴時多雲</value>
              <measures>自定義 Wx 文字</measures>
            </elementValue>
            <elementValue>
              <value>02</value>
              <measures>自定義 Wx 單位</measures>
            </elementValue>
          </time>
          <time>
            <startTime>2020-04-21T00:00:00+08:00</startTime>
            <endTime>2020-04-22T00:00:00+08:00</endTime>
            <elementValue>
              <value>晴時多雲</value>
              <measures>自定義 Wx 文字</measures>
            </elementValue>
            <elementValue>
              <value>02</value>
              <measures>自定義 Wx 單位</measures>
            </elementValue>
          </time>
          <time>
            <startTime>2020-04-22T00:00:00+08:00</startTime>
            <endTime>2020-04-23T00:00:00+08:00</endTime>
            <elementValue>
              <value>多雲短暫陣雨</value>
              <measures>自定義 Wx 文字</measures>
            </elementValue>
            <elementValue>
              <value>08</value>
              <measures>自定義 Wx 單位</measures>
            </elementValue>
          </time>
          <time>
            <startTime>2020-04-23T00:00:00+08:00</startTime>
            <endTime>2020-04-24T00:00:00+08:00</endTime>
            <elementValue>
              <value>陰短暫陣雨</value>
              <measures>自定義 Wx 文字</measures>
            </elementValue>
            <elementValue>
              <value>11</value>
              <measures>自定義 Wx 單位</measures>
            </elementValue>
          </time>
          <time>
            <startTime>2020-04-24T00:00:00+08:00</startTime>
            <endTime>2020-04-25T00:00:00+08:00</endTime>
            <elementValue>
              <value>陰短暫陣雨</value>
              <measures>自定義 Wx 文字</measures>
            </elementValue>
            <elementValue>
              <value>11</value>
              <measures>自定義 Wx 單位</measures>
            </elementValue>
          </time>
        </weatherElement>
        <weatherElement>
          <elementName>UVI</elementName>
          <description>紫外獻指數</description>
          <time>
            <startTime>2020-04-18T06:00:00+08:00</startTime>
            <endTime>2020-04-18T18:00:00+08:00</endTime>
            <elementValue>
              <value>8</value>
              <measures>紫外線指數</measures>
            </elementValue>
            <elementValue>
              <value>過量級</value>
              <measures>曝曬級數</measures>
            </elementValue>
          </time>
          <time>
            <startTime>2020-04-19T06:00:00+08:00</startTime>
            <endTime>2020-04-19T18:00:00+08:00</endTime>
            <elementValue>
              <value>8</value>
              <measures>紫外線指數</measures>
            </elementValue>
            <elementValue>
              <value>過量級</value>
              <measures>曝曬級數</measures>
            </elementValue>
          </time>
          <time>
            <startTime>2020-04-20T06:00:00+08:00</startTime>
            <endTime>2020-04-20T18:00:00+08:00</endTime>
            <elementValue>
              <value>8</value>
              <measures>紫外線指數</measures>
            </elementValue>
            <elementValue>
              <value>過量級</value>
              <measures>曝曬級數</measures>
            </elementValue>
          </time>
          <time>
            <startTime>2020-04-21T06:00:00+08:00</startTime>
            <endTime>2020-04-21T18:00:00+08:00</endTime>
            <elementValue>
              <value>8</value>
              <measures>紫外線指數</measures>
            </elementValue>
            <elementValue>
              <value>過量級</value>
              <measures>曝曬級數</measures>
            </elementValue>
          </time>
          <time>
            <startTime>2020-04-22T06:00:00+08:00</startTime>
            <endTime>2020-04-22T18:00:00+08:00</endTime>
            <elementValue>
              <value>6</value>
              <measures>紫外線指數</measures>
            </elementValue>
            <elementValue>
              <value>高量級</value>
              <measures>曝曬級數</measures>
            </elementValue>
          </time>
          <time>
            <startTime>2020-04-23T06:00:00+08:00</startTime>
            <endTime>2020-04-23T18:00:00+08:00</endTime>
            <elementValue>
              <value>5</value>
              <measures>紫外線指數</measures>
            </elementValue>
            <elementValue>
              <value>中量級</value>
              <measures>曝曬級數</measures>
            </elementValue>
          </time>
          <time>
            <startTime>2020-04-24T06:00:00+08:00</startTime>
            <endTime>2020-04-24T18:00:00+08:00</endTime>
            <elementValue>
              <value>5</value>
              <measures>紫外線指數</measures>
            </elementValue>
            <elementValue>
              <value>中量級</value>
              <measures>曝曬級數</measures>
            </elementValue>
          </time>
        </weatherElement>
        <weatherElement>
          <elementName>WeatherDescription</elementName>
          <description>天氣預報綜合描述</description>
          <time>
            <startTime>2020-04-18T12:00:00+08:00</startTime>
            <endTime>2020-04-19T00:00:00+08:00</endTime>
            <elementValue>
              <value>多雲。降雨機率 20%。溫度攝氏23至32度。舒適。偏西風 風速2級(每秒3公尺)。相對濕度54%。</value>
              <measures>NA</measures>
            </elementValue>
          </time>
          <time>
            <startTime>2020-04-19T00:00:00+08:00</startTime>
            <endTime>2020-04-20T00:00:00+08:00</endTime>
            <elementValue>
              <value>晴時多雲。降雨機率 10%。溫度攝氏20至32度。稍有寒意至悶熱。偏南風 風速4級(每秒7公尺)。相對濕度64%。</value>
              <measures>NA</measures>
            </elementValue>
          </time>
          <time>
            <startTime>2020-04-20T00:00:00+08:00</startTime>
            <endTime>2020-04-21T00:00:00+08:00</endTime>
            <elementValue>
              <value>晴時多雲。降雨機率 0%。溫度攝氏20至31度。稍有寒意至舒適。西南風 風速3級(每秒5公尺)。相對濕度61%。</value>
              <measures>NA</measures>
            </elementValue>
          </time>
          <time>
            <startTime>2020-04-21T00:00:00+08:00</startTime>
            <endTime>2020-04-22T00:00:00+08:00</endTime>
            <elementValue>
              <value>晴時多雲。溫度攝氏19至31度。稍有寒意至舒適。偏南風 風速3級(每秒4公尺)。相對濕度64%。</value>
              <measures>NA</measures>
            </elementValue>
          </time>
          <time>
            <startTime>2020-04-22T00:00:00+08:00</startTime>
            <endTime>2020-04-23T00:00:00+08:00</endTime>
            <elementValue>
              <value>多雲短暫陣雨。溫度攝氏18至27度。稍有寒意至舒適。西北風 風速3級(每秒4公尺)。相對濕度61%。</value>
              <measures>NA</measures>
            </elementValue>
          </time>
          <time>
            <startTime>2020-04-23T00:00:00+08:00</startTime>
            <endTime>2020-04-24T00:00:00+08:00</endTime>
            <elementValue>
              <value>陰短暫陣雨。溫度攝氏18至26度。稍有寒意至舒適。西北風 風速3級(每秒4公尺)。相對濕度67%。</value>
              <measures>NA</measures>
            </elementValue>
          </time>
          <time>
            <startTime>2020-04-24T00:00:00+08:00</startTime>
            <endTime>2020-04-25T00:00:00+08:00</endTime>
            <elementValue>
              <value>陰短暫陣雨。溫度攝氏17至25度。稍有寒意至舒適。西南風 風速3級(每秒4公尺)。相對濕度71%。</value>
              <measures>NA</measures>
            </elementValue>
          </time>
        </weatherElement>
      </location>
      <location>
        <locationName>西區</locationName>
        <geocode>1002002</geocode>
        <lat>23.466267</lat>
        <lon>120.427285</lon>
        <weatherElement>
          <elementName>T</elementName>
          <description>平均溫度</description>
          <time>
            <startTime>2020-04-18T12:00:00+08:00</startTime>
            <endTime>2020-04-19T00:00:00+08:00</endTime>
            <elementValue>
              <value>28</value>
              <measures>攝氏度</measures>
            </elementValue>
          </time>
          <time>
            <startTime>2020-04-19T00:00:00+08:00</startTime>
            <endTime>2020-04-20T00:00:00+08:00</endTime>
            <elementValue>
              <value>25</value>
              <measures>攝氏度</measures>
            </elementValue>
          </time>
          <time>
            <startTime>2020-04-20T00:00:00+08:00</startTime>
            <endTime>2020-04-21T00:00:00+08:00</endTime>
            <elementValue>
              <value>25</value>
              <measures>攝氏度</measures>
            </elementValue>
          </time>
          <time>
            <startTime>2020-04-21T00:00:00+08:00</startTime>
            <endTime>2020-04-22T00:00:00+08:00</endTime>
            <elementValue>
              <value>24</value>
              <measures>攝氏度</measures>
            </elementValue>
          </time>
          <time>
            <startTime>2020-04-22T00:00:00+08:00</startTime>
            <endTime>2020-04-23T00:00:00+08:00</endTime>
            <elementValue>
              <value>22</value>
              <measures>攝氏度</measures>
            </elementValue>
          </time>
          <time>
            <startTime>2020-04-23T00:00:00+08:00</startTime>
            <endTime>2020-04-24T00:00:00+08:00</endTime>
            <elementValue>
              <value>21</value>
              <measures>攝氏度</measures>
            </elementValue>
          </time>
          <time>
            <startTime>2020-04-24T00:00:00+08:00</startTime>
            <endTime>2020-04-25T00:00:00+08:00</endTime>
            <elementValue>
              <value>21</value>
              <measures>攝氏度</measures>
            </elementValue>
          </time>
        </weatherElement>
        <weatherElement>
          <elementName>Td</elementName>
          <description>平均露點溫度</description>
          <time>
            <startTime>2020-04-18T12:00:00+08:00</startTime>
            <endTime>2020-04-19T00:00:00+08:00</endTime>
            <elementValue>
              <value>17</value>
              <measures>攝氏度</measures>
            </elementValue>
          </time>
          <time>
            <startTime>2020-04-19T00:00:00+08:00</startTime>
            <endTime>2020-04-20T00:00:00+08:00</endTime>
            <elementValue>
              <value>18</value>
              <measures>攝氏度</measures>
            </elementValue>
          </time>
          <time>
            <startTime>2020-04-20T00:00:00+08:00</startTime>
            <endTime>2020-04-21T00:00:00+08:00</endTime>
            <elementValue>
              <value>17</value>
              <measures>攝氏度</measures>
            </elementValue>
          </time>
          <time>
            <startTime>2020-04-21T00:00:00+08:00</startTime>
            <endTime>2020-04-22T00:00:00+08:00</endTime>
            <elementValue>
              <value>17</value>
              <measures>攝氏度</measures>
            </elementValue>
          </time>
          <time>
            <startTime>2020-04-22T00:00:00+08:00</startTime>
            <endTime>2020-04-23T00:00:00+08:00</endTime>
            <elementValue>
              <value>14</value>
              <measures>攝氏度</measures>
            </elementValue>
          </time>
          <time>
            <startTime>2020-04-23T00:00:00+08:00</startTime>
            <endTime>2020-04-24T00:00:00+08:00</endTime>
            <elementValue>
              <value>14</value>
              <measures>攝氏度</measures>
            </elementValue>
          </time>
          <time>
            <startTime>2020-04-24T00:00:00+08:00</startTime>
            <endTime>2020-04-25T00:00:00+08:00</endTime>
            <elementValue>
              <value>15</value>
              <measures>攝氏度</measures>
            </elementValue>
          </time>
        </weatherElement>
        <weatherElement>
          <elementName>RH</elementName>
          <description>平均相對濕度</description>
          <time>
            <startTime>2020-04-18T12:00:00+08:00</startTime>
            <endTime>2020-04-19T00:00:00+08:00</endTime>
            <elementValue>
              <value>54</value>
              <measures>百分比</measures>
            </elementValue>
          </time>
          <time>
            <startTime>2020-04-19T00:00:00+08:00</startTime>
            <endTime>2020-04-20T00:00:00+08:00</endTime>
            <elementValue>
              <value>65</value>
              <measures>百分比</measures>
            </elementValue>
          </time>
          <time>
            <startTime>2020-04-20T00:00:00+08:00</startTime>
            <endTime>2020-04-21T00:00:00+08:00</endTime>
            <elementValue>
              <value>61</value>
              <measures>百分比</measures>
            </elementValue>
          </time>
          <time>
            <startTime>2020-04-21T00:00:00+08:00</startTime>
            <endTime>2020-04-22T00:00:00+08:00</endTime>
            <elementValue>
              <value>64</value>
              <measures>百分比</measures>
            </elementValue>
          </time>
          <time>
            <startTime>2020-04-22T00:00:00+08:00</startTime>
            <endTime>2020-04-23T00:00:00+08:00</endTime>
            <elementValue>
              <value>60</value>
              <measures>百分比</measures>
            </elementValue>
          </time>
          <time>
            <startTime>2020-04-23T00:00:00+08:00</startTime>
            <endTime>2020-04-24T00:00:00+08:00</endTime>
            <elementValue>
              <value>66</value>
              <measures>百分比</measures>
            </elementValue>
          </time>
          <time>
            <startTime>2020-04-24T00:00:00+08:00</startTime>
            <endTime>2020-04-25T00:00:00+08:00</endTime>
            <elementValue>
              <value>70</value>
              <measures>百分比</measures>
            </elementValue>
          </time>
        </weatherElement>
        <weatherElement>
          <elementName>MaxT</elementName>
          <description>最高溫度</description>
          <time>
            <startTime>2020-04-18T12:00:00+08:00</startTime>
            <endTime>2020-04-19T00:00:00+08:00</endTime>
            <elementValue>
              <value>32</value>
              <measures>攝氏度</measures>
            </elementValue>
          </time>
          <time>
            <startTime>2020-04-19T00:00:00+08:00</startTime>
            <endTime>2020-04-20T00:00:00+08:00</endTime>
            <elementValue>
              <value>31</value>
              <measures>攝氏度</measures>
            </elementValue>
          </time>
          <time>
            <startTime>2020-04-20T00:00:00+08:00</startTime>
            <endTime>2020-04-21T00:00:00+08:00</endTime>
            <elementValue>
              <value>31</value>
              <measures>攝氏度</measures>
            </elementValue>
          </time>
          <time>
            <startTime>2020-04-21T00:00:00+08:00</startTime>
            <endTime>2020-04-22T00:00:00+08:00</endTime>
            <elementValue>
              <value>31</value>
              <measures>攝氏度</measures>
            </elementValue>
          </time>
          <time>
            <startTime>2020-04-22T00:00:00+08:00</startTime>
            <endTime>2020-04-23T00:00:00+08:00</endTime>
            <elementValue>
              <value>27</value>
              <measures>攝氏度</measures>
            </elementValue>
          </time>
          <time>
            <startTime>2020-04-23T00:00:00+08:00</startTime>
            <endTime>2020-04-24T00:00:00+08:00</endTime>
            <elementValue>
              <value>26</value>
              <measures>攝氏度</measures>
            </elementValue>
          </time>
          <time>
            <startTime>2020-04-24T00:00:00+08:00</startTime>
            <endTime>2020-04-25T00:00:00+08:00</endTime>
            <elementValue>
              <value>25</value>
              <measures>攝氏度</measures>
            </elementValue>
          </time>
        </weatherElement>
        <weatherElement>
          <elementName>MinT</elementName>
          <description>最低溫度</description>
          <time>
            <startTime>2020-04-18T12:00:00+08:00</startTime>
            <endTime>2020-04-19T00:00:00+08:00</endTime>
            <elementValue>
              <value>23</value>
              <measures>攝氏度</measures>
            </elementValue>
          </time>
          <time>
            <startTime>2020-04-19T00:00:00+08:00</startTime>
            <endTime>2020-04-20T00:00:00+08:00</endTime>
            <elementValue>
              <value>21</value>
              <measures>攝氏度</measures>
            </elementValue>
          </time>
          <time>
            <startTime>2020-04-20T00:00:00+08:00</startTime>
            <endTime>2020-04-21T00:00:00+08:00</endTime>
            <elementValue>
              <value>20</value>
              <measures>攝氏度</measures>
            </elementValue>
          </time>
          <time>
            <startTime>2020-04-21T00:00:00+08:00</startTime>
            <endTime>2020-04-22T00:00:00+08:00</endTime>
            <elementValue>
              <value>19</value>
              <measures>攝氏度</measures>
            </elementValue>
          </time>
          <time>
            <startTime>2020-04-22T00:00:00+08:00</startTime>
            <endTime>2020-04-23T00:00:00+08:00</endTime>
            <elementValue>
              <value>18</value>
              <measures>攝氏度</measures>
            </elementValue>
          </time>
          <time>
            <startTime>2020-04-23T00:00:00+08:00</startTime>
            <endTime>2020-04-24T00:00:00+08:00</endTime>
            <elementValue>
              <value>17</value>
              <measures>攝氏度</measures>
            </elementValue>
          </time>
          <time>
            <startTime>2020-04-24T00:00:00+08:00</startTime>
            <endTime>2020-04-25T00:00:00+08:00</endTime>
            <elementValue>
              <value>17</value>
              <measures>攝氏度</measures>
            </elementValue>
          </time>
        </weatherElement>
        <weatherElement>
          <elementName>MaxAT</elementName>
          <description>最高體感溫度</description>
          <time>
            <startTime>2020-04-18T12:00:00+08:00</startTime>
            <endTime>2020-04-19T00:00:00+08:00</endTime>
            <elementValue>
              <value>32</value>
              <measures>攝氏度</measures>
            </elementValue>
          </time>
          <time>
            <startTime>2020-04-19T00:00:00+08:00</startTime>
            <endTime>2020-04-20T00:00:00+08:00</endTime>
            <elementValue>
              <value>31</value>
              <measures>攝氏度</measures>
            </elementValue>
          </time>
          <time>
            <startTime>2020-04-20T00:00:00+08:00</startTime>
            <endTime>2020-04-21T00:00:00+08:00</endTime>
            <elementValue>
              <value>31</value>
              <measures>攝氏度</measures>
            </elementValue>
          </time>
          <time>
            <startTime>2020-04-21T00:00:00+08:00</startTime>
            <endTime>2020-04-22T00:00:00+08:00</endTime>
            <elementValue>
              <value>31</value>
              <measures>攝氏度</measures>
            </elementValue>
          </time>
          <time>
            <startTime>2020-04-22T00:00:00+08:00</startTime>
            <endTime>2020-04-23T00:00:00+08:00</endTime>
            <elementValue>
              <value>26</value>
              <measures>攝氏度</measures>
            </elementValue>
          </time>
          <time>
            <startTime>2020-04-23T00:00:00+08:00</startTime>
            <endTime>2020-04-24T00:00:00+08:00</endTime>
            <elementValue>
              <value>26</value>
              <measures>攝氏度</measures>
            </elementValue>
          </time>
          <time>
            <startTime>2020-04-24T00:00:00+08:00</startTime>
            <endTime>2020-04-25T00:00:00+08:00</endTime>
            <elementValue>
              <value>25</value>
              <measures>攝氏度</measures>
            </elementValue>
          </time>
        </weatherElement>
        <weatherElement>
          <elementName>MinAT</elementName>
          <description>最低體感溫度</description>
          <time>
            <startTime>2020-04-18T12:00:00+08:00</startTime>
            <endTime>2020-04-19T00:00:00+08:00</endTime>
            <elementValue>
              <value>25</value>
              <measures>攝氏度</measures>
            </elementValue>
          </time>
          <time>
            <startTime>2020-04-19T00:00:00+08:00</startTime>
            <endTime>2020-04-20T00:00:00+08:00</endTime>
            <elementValue>
              <value>21</value>
              <measures>攝氏度</measures>
            </elementValue>
          </time>
          <time>
            <startTime>2020-04-20T00:00:00+08:00</startTime>
            <endTime>2020-04-21T00:00:00+08:00</endTime>
            <elementValue>
              <value>21</value>
              <measures>攝氏度</measures>
            </elementValue>
          </time>
          <time>
            <startTime>2020-04-21T00:00:00+08:00</startTime>
            <endTime>2020-04-22T00:00:00+08:00</endTime>
            <elementValue>
              <value>20</value>
              <measures>攝氏度</measures>
            </elementValue>
          </time>
          <time>
            <startTime>2020-04-22T00:00:00+08:00</startTime>
            <endTime>2020-04-23T00:00:00+08:00</endTime>
            <elementValue>
              <value>17</value>
              <measures>攝氏度</measures>
            </elementValue>
          </time>
          <time>
            <startTime>2020-04-23T00:00:00+08:00</startTime>
            <endTime>2020-04-24T00:00:00+08:00</endTime>
            <elementValue>
              <value>16</value>
              <measures>攝氏度</measures>
            </elementValue>
          </time>
          <time>
            <startTime>2020-04-24T00:00:00+08:00</startTime>
            <endTime>2020-04-25T00:00:00+08:00</endTime>
            <elementValue>
              <value>16</value>
              <measures>攝氏度</measures>
            </elementValue>
          </time>
        </weatherElement>
        <weatherElement>
          <elementName>MaxCI</elementName>
          <description>最大舒適度指數</description>
          <time>
            <startTime>2020-04-18T12:00:00+08:00</startTime>
            <endTime>2020-04-19T00:00:00+08:00</endTime>
            <elementValue>
              <value>26</value>
              <measures>NA</measures>
            </elementValue>
          </time>
          <time>
            <startTime>2020-04-19T00:00:00+08:00</startTime>
            <endTime>2020-04-20T00:00:00+08:00</endTime>
            <elementValue>
              <value>27</value>
              <measures>NA</measures>
            </elementValue>
          </time>
          <time>
            <startTime>2020-04-20T00:00:00+08:00</startTime>
            <endTime>2020-04-21T00:00:00+08:00</endTime>
            <elementValue>
              <value>26</value>
              <measures>NA</measures>
            </elementValue>
          </time>
          <time>
            <startTime>2020-04-21T00:00:00+08:00</startTime>
            <endTime>2020-04-22T00:00:00+08:00</endTime>
            <elementValue>
              <value>26</value>
              <measures>NA</measures>
            </elementValue>
          </time>
          <time>
            <startTime>2020-04-22T00:00:00+08:00</startTime>
            <endTime>2020-04-23T00:00:00+08:00</endTime>
            <elementValue>
              <value>23</value>
              <measures>NA</measures>
            </elementValue>
          </time>
          <time>
            <startTime>2020-04-23T00:00:00+08:00</startTime>
            <endTime>2020-04-24T00:00:00+08:00</endTime>
            <elementValue>
              <value>23</value>
              <measures>NA</measures>
            </elementValue>
          </time>
          <time>
            <startTime>2020-04-24T00:00:00+08:00</startTime>
            <endTime>2020-04-25T00:00:00+08:00</endTime>
            <elementValue>
              <value>23</value>
              <measures>NA</measures>
            </elementValue>
          </time>
        </weatherElement>
        <weatherElement>
          <elementName>MinCI</elementName>
          <description>最小舒適度指數</description>
          <time>
            <startTime>2020-04-18T12:00:00+08:00</startTime>
            <endTime>2020-04-19T00:00:00+08:00</endTime>
            <elementValue>
              <value>22</value>
              <measures>NA</measures>
            </elementValue>
          </time>
          <time>
            <startTime>2020-04-19T00:00:00+08:00</startTime>
            <endTime>2020-04-20T00:00:00+08:00</endTime>
            <elementValue>
              <value>20</value>
              <measures>NA</measures>
            </elementValue>
          </time>
          <time>
            <startTime>2020-04-20T00:00:00+08:00</startTime>
            <endTime>2020-04-21T00:00:00+08:00</endTime>
            <elementValue>
              <value>20</value>
              <measures>NA</measures>
            </elementValue>
          </time>
          <time>
            <startTime>2020-04-21T00:00:00+08:00</startTime>
            <endTime>2020-04-22T00:00:00+08:00</endTime>
            <elementValue>
              <value>19</value>
              <measures>NA</measures>
            </elementValue>
          </time>
          <time>
            <startTime>2020-04-22T00:00:00+08:00</startTime>
            <endTime>2020-04-23T00:00:00+08:00</endTime>
            <elementValue>
              <value>18</value>
              <measures>NA</measures>
            </elementValue>
          </time>
          <time>
            <startTime>2020-04-23T00:00:00+08:00</startTime>
            <endTime>2020-04-24T00:00:00+08:00</endTime>
            <elementValue>
              <value>17</value>
              <measures>NA</measures>
            </elementValue>
          </time>
          <time>
            <startTime>2020-04-24T00:00:00+08:00</startTime>
            <endTime>2020-04-25T00:00:00+08:00</endTime>
            <elementValue>
              <value>17</value>
              <measures>NA</measures>
            </elementValue>
          </time>
        </weatherElement>
        <weatherElement>
          <elementName>PoP24h</elementName>
          <description>24小時降雨機率</description>
          <time>
            <startTime>2020-04-18T12:00:00+08:00</startTime>
            <endTime>2020-04-19T00:00:00+08:00</endTime>
            <elementValue>
              <value>20</value>
              <measures>百分比</measures>
            </elementValue>
          </time>
          <time>
            <startTime>2020-04-19T00:00:00+08:00</startTime>
            <endTime>2020-04-20T00:00:00+08:00</endTime>
            <elementValue>
              <value>0</value>
              <measures>百分比</measures>
            </elementValue>
          </time>
          <time>
            <startTime>2020-04-20T00:00:00+08:00</startTime>
            <endTime>2020-04-21T00:00:00+08:00</endTime>
            <elementValue>
              <value>0</value>
              <measures>百分比</measures>
            </elementValue>
          </time>
          <time>
            <startTime>2020-04-21T00:00:00+08:00</startTime>
            <endTime>2020-04-22T00:00:00+08:00</endTime>
            <elementValue>
              <value> </value>
              <measures>百分比</measures>
            </elementValue>
          </time>
          <time>
            <startTime>2020-04-22T00:00:00+08:00</startTime>
            <endTime>2020-04-23T00:00:00+08:00</endTime>
            <elementValue>
              <value> </value>
              <measures>百分比</measures>
            </elementValue>
          </time>
          <time>
            <startTime>2020-04-23T00:00:00+08:00</startTime>
            <endTime>2020-04-24T00:00:00+08:00</endTime>
            <elementValue>
              <value> </value>
              <measures>百分比</measures>
            </elementValue>
          </time>
          <time>
            <startTime>2020-04-24T00:00:00+08:00</startTime>
            <endTime>2020-04-25T00:00:00+08:00</endTime>
            <elementValue>
              <value> </value>
              <measures>百分比</measures>
            </elementValue>
          </time>
        </weatherElement>
        <weatherElement>
          <elementName>WD</elementName>
          <description>風向</description>
          <time>
            <startTime>2020-04-18T12:00:00+08:00</startTime>
            <endTime>2020-04-19T00:00:00+08:00</endTime>
            <elementValue>
              <value>偏西風</value>
              <measures>16方位</measures>
            </elementValue>
          </time>
          <time>
            <startTime>2020-04-19T00:00:00+08:00</startTime>
            <endTime>2020-04-20T00:00:00+08:00</endTime>
            <elementValue>
              <value>西南風</value>
              <measures>16方位</measures>
            </elementValue>
          </time>
          <time>
            <startTime>2020-04-20T00:00:00+08:00</startTime>
            <endTime>2020-04-21T00:00:00+08:00</endTime>
            <elementValue>
              <value>西南風</value>
              <measures>16方位</measures>
            </elementValue>
          </time>
          <time>
            <startTime>2020-04-21T00:00:00+08:00</startTime>
            <endTime>2020-04-22T00:00:00+08:00</endTime>
            <elementValue>
              <value>偏南風</value>
              <measures>16方位</measures>
            </elementValue>
          </time>
          <time>
            <startTime>2020-04-22T00:00:00+08:00</startTime>
            <endTime>2020-04-23T00:00:00+08:00</endTime>
            <elementValue>
              <value>偏北風</value>
              <measures>16方位</measures>
            </elementValue>
          </time>
          <time>
            <startTime>2020-04-23T00:00:00+08:00</startTime>
            <endTime>2020-04-24T00:00:00+08:00</endTime>
            <elementValue>
              <value>偏北風</value>
              <measures>16方位</measures>
            </elementValue>
          </time>
          <time>
            <startTime>2020-04-24T00:00:00+08:00</startTime>
            <endTime>2020-04-25T00:00:00+08:00</endTime>
            <elementValue>
              <value>偏西風</value>
              <measures>16方位</measures>
            </elementValue>
          </time>
        </weatherElement>
        <weatherElement>
          <elementName>WS</elementName>
          <description>最大風速</description>
          <time>
            <startTime>2020-04-18T12:00:00+08:00</startTime>
            <endTime>2020-04-19T00:00:00+08:00</endTime>
            <elementValue>
              <value>3</value>
              <measures>公尺/秒</measures>
            </elementValue>
            <elementValue>
              <value>2</value>
              <measures>蒲福風級</measures>
            </elementValue>
          </time>
          <time>
            <startTime>2020-04-19T00:00:00+08:00</startTime>
            <endTime>2020-04-20T00:00:00+08:00</endTime>
            <elementValue>
              <value>7</value>
              <measures>公尺/秒</measures>
            </elementValue>
            <elementValue>
              <value>4</value>
              <measures>蒲福風級</measures>
            </elementValue>
          </time>
          <time>
            <startTime>2020-04-20T00:00:00+08:00</startTime>
            <endTime>2020-04-21T00:00:00+08:00</endTime>
            <elementValue>
              <value>5</value>
              <measures>公尺/秒</measures>
            </elementValue>
            <elementValue>
              <value>3</value>
              <measures>蒲福風級</measures>
            </elementValue>
          </time>
          <time>
            <startTime>2020-04-21T00:00:00+08:00</startTime>
            <endTime>2020-04-22T00:00:00+08:00</endTime>
            <elementValue>
              <value>4</value>
              <measures>公尺/秒</measures>
            </elementValue>
            <elementValue>
              <value>3</value>
              <measures>蒲福風級</measures>
            </elementValue>
          </time>
          <time>
            <startTime>2020-04-22T00:00:00+08:00</startTime>
            <endTime>2020-04-23T00:00:00+08:00</endTime>
            <elementValue>
              <value>4</value>
              <measures>公尺/秒</measures>
            </elementValue>
            <elementValue>
              <value>3</value>
              <measures>蒲福風級</measures>
            </elementValue>
          </time>
          <time>
            <startTime>2020-04-23T00:00:00+08:00</startTime>
            <endTime>2020-04-24T00:00:00+08:00</endTime>
            <elementValue>
              <value>4</value>
              <measures>公尺/秒</measures>
            </elementValue>
            <elementValue>
              <value>3</value>
              <measures>蒲福風級</measures>
            </elementValue>
          </time>
          <time>
            <startTime>2020-04-24T00:00:00+08:00</startTime>
            <endTime>2020-04-25T00:00:00+08:00</endTime>
            <elementValue>
              <value>5</value>
              <measures>公尺/秒</measures>
            </elementValue>
            <elementValue>
              <value>3</value>
              <measures>蒲福風級</measures>
            </elementValue>
          </time>
        </weatherElement>
        <weatherElement>
          <elementName>Wx</elementName>
          <description>天氣現象</description>
          <time>
            <startTime>2020-04-18T12:00:00+08:00</startTime>
            <endTime>2020-04-19T00:00:00+08:00</endTime>
            <elementValue>
              <value>多雲</value>
              <measures>自定義 Wx 文字</measures>
            </elementValue>
            <elementValue>
              <value>04</value>
              <measures>自定義 Wx 單位</measures>
            </elementValue>
          </time>
          <time>
            <startTime>2020-04-19T00:00:00+08:00</startTime>
            <endTime>2020-04-20T00:00:00+08:00</endTime>
            <elementValue>
              <value>晴時多雲</value>
              <measures>自定義 Wx 文字</measures>
            </elementValue>
            <elementValue>
              <value>02</value>
              <measures>自定義 Wx 單位</measures>
            </elementValue>
          </time>
          <time>
            <startTime>2020-04-20T00:00:00+08:00</startTime>
            <endTime>2020-04-21T00:00:00+08:00</endTime>
            <elementValue>
              <value>晴時多雲</value>
              <measures>自定義 Wx 文字</measures>
            </elementValue>
            <elementValue>
              <value>02</value>
              <measures>自定義 Wx 單位</measures>
            </elementValue>
          </time>
          <time>
            <startTime>2020-04-21T00:00:00+08:00</startTime>
            <endTime>2020-04-22T00:00:00+08:00</endTime>
            <elementValue>
              <value>晴時多雲</value>
              <measures>自定義 Wx 文字</measures>
            </elementValue>
            <elementValue>
              <value>02</value>
              <measures>自定義 Wx 單位</measures>
            </elementValue>
          </time>
          <time>
            <startTime>2020-04-22T00:00:00+08:00</startTime>
            <endTime>2020-04-23T00:00:00+08:00</endTime>
            <elementValue>
              <value>多雲短暫陣雨</value>
              <measures>自定義 Wx 文字</measures>
            </elementValue>
            <elementValue>
              <value>08</value>
              <measures>自定義 Wx 單位</measures>
            </elementValue>
          </time>
          <time>
            <startTime>2020-04-23T00:00:00+08:00</startTime>
            <endTime>2020-04-24T00:00:00+08:00</endTime>
            <elementValue>
              <value>陰短暫陣雨</value>
              <measures>自定義 Wx 文字</measures>
            </elementValue>
            <elementValue>
              <value>11</value>
              <measures>自定義 Wx 單位</measures>
            </elementValue>
          </time>
          <time>
            <startTime>2020-04-24T00:00:00+08:00</startTime>
            <endTime>2020-04-25T00:00:00+08:00</endTime>
            <elementValue>
              <value>陰時多雲短暫陣雨</value>
              <measures>自定義 Wx 文字</measures>
            </elementValue>
            <elementValue>
              <value>10</value>
              <measures>自定義 Wx 單位</measures>
            </elementValue>
          </time>
        </weatherElement>
        <weatherElement>
          <elementName>UVI</elementName>
          <description>紫外獻指數</description>
          <time>
            <startTime>2020-04-18T06:00:00+08:00</startTime>
            <endTime>2020-04-18T18:00:00+08:00</endTime>
            <elementValue>
              <value>8</value>
              <measures>紫外線指數</measures>
            </elementValue>
            <elementValue>
              <value>過量級</value>
              <measures>曝曬級數</measures>
            </elementValue>
          </time>
          <time>
            <startTime>2020-04-19T06:00:00+08:00</startTime>
            <endTime>2020-04-19T18:00:00+08:00</endTime>
            <elementValue>
              <value>8</value>
              <measures>紫外線指數</measures>
            </elementValue>
            <elementValue>
              <value>過量級</value>
              <measures>曝曬級數</measures>
            </elementValue>
          </time>
          <time>
            <startTime>2020-04-20T06:00:00+08:00</startTime>
            <endTime>2020-04-20T18:00:00+08:00</endTime>
            <elementValue>
              <value>8</value>
              <measures>紫外線指數</measures>
            </elementValue>
            <elementValue>
              <value>過量級</value>
              <measures>曝曬級數</measures>
            </elementValue>
          </time>
          <time>
            <startTime>2020-04-21T06:00:00+08:00</startTime>
            <endTime>2020-04-21T18:00:00+08:00</endTime>
            <elementValue>
              <value>8</value>
              <measures>紫外線指數</measures>
            </elementValue>
            <elementValue>
              <value>過量級</value>
              <measures>曝曬級數</measures>
            </elementValue>
          </time>
          <time>
            <startTime>2020-04-22T06:00:00+08:00</startTime>
            <endTime>2020-04-22T18:00:00+08:00</endTime>
            <elementValue>
              <value>6</value>
              <measures>紫外線指數</measures>
            </elementValue>
            <elementValue>
              <value>高量級</value>
              <measures>曝曬級數</measures>
            </elementValue>
          </time>
          <time>
            <startTime>2020-04-23T06:00:00+08:00</startTime>
            <endTime>2020-04-23T18:00:00+08:00</endTime>
            <elementValue>
              <value>5</value>
              <measures>紫外線指數</measures>
            </elementValue>
            <elementValue>
              <value>中量級</value>
              <measures>曝曬級數</measures>
            </elementValue>
          </time>
          <time>
            <startTime>2020-04-24T06:00:00+08:00</startTime>
            <endTime>2020-04-24T18:00:00+08:00</endTime>
            <elementValue>
              <value>5</value>
              <measures>紫外線指數</measures>
            </elementValue>
            <elementValue>
              <value>中量級</value>
              <measures>曝曬級數</measures>
            </elementValue>
          </time>
        </weatherElement>
        <weatherElement>
          <elementName>WeatherDescription</elementName>
          <description>天氣預報綜合描述</description>
          <time>
            <startTime>2020-04-18T12:00:00+08:00</startTime>
            <endTime>2020-04-19T00:00:00+08:00</endTime>
            <elementValue>
              <value>多雲。降雨機率 20%。溫度攝氏23至32度。舒適。偏西風 風速2級(每秒3公尺)。相對濕度54%。</value>
              <measures>NA</measures>
            </elementValue>
          </time>
          <time>
            <startTime>2020-04-19T00:00:00+08:00</startTime>
            <endTime>2020-04-20T00:00:00+08:00</endTime>
            <elementValue>
              <value>晴時多雲。降雨機率 0%。溫度攝氏21至31度。舒適至悶熱。西南風 風速4級(每秒7公尺)。相對濕度65%。</value>
              <measures>NA</measures>
            </elementValue>
          </time>
          <time>
            <startTime>2020-04-20T00:00:00+08:00</startTime>
            <endTime>2020-04-21T00:00:00+08:00</endTime>
            <elementValue>
              <value>晴時多雲。降雨機率 0%。溫度攝氏20至31度。舒適。西南風 風速3級(每秒5公尺)。相對濕度61%。</value>
              <measures>NA</measures>
            </elementValue>
          </time>
          <time>
            <startTime>2020-04-21T00:00:00+08:00</startTime>
            <endTime>2020-04-22T00:00:00+08:00</endTime>
            <elementValue>
              <value>晴時多雲。溫度攝氏19至31度。稍有寒意至舒適。偏南風 風速3級(每秒4公尺)。相對濕度64%。</value>
              <measures>NA</measures>
            </elementValue>
          </time>
          <time>
            <startTime>2020-04-22T00:00:00+08:00</startTime>
            <endTime>2020-04-23T00:00:00+08:00</endTime>
            <elementValue>
              <value>多雲短暫陣雨。溫度攝氏18至27度。稍有寒意至舒適。偏北風 風速3級(每秒4公尺)。相對濕度60%。</value>
              <measures>NA</measures>
            </elementValue>
          </time>
          <time>
            <startTime>2020-04-23T00:00:00+08:00</startTime>
            <endTime>2020-04-24T00:00:00+08:00</endTime>
            <elementValue>
              <value>陰短暫陣雨。溫度攝氏17至26度。稍有寒意至舒適。偏北風 風速3級(每秒4公尺)。相對濕度66%。</value>
              <measures>NA</measures>
            </elementValue>
          </time>
          <time>
            <startTime>2020-04-24T00:00:00+08:00</startTime>
            <endTime>2020-04-25T00:00:00+08:00</endTime>
            <elementValue>
              <value>陰時多雲短暫陣雨。溫度攝氏17至25度。稍有寒意至舒適。偏西風 風速3級(每秒5公尺)。相對濕度70%。</value>
              <measures>NA</measures>
            </elementValue>
          </time>
        </weatherElement>
      </location>
    </locations>
  </dataset>
</cwbopendata>
